{
    "LogisticRegression": {
        "accuracy": 0.7935483870967742,
        "precision": 0.6884422110552764,
        "recall": 0.6748768472906403,
        "f1": 0.681592039800995,
        "roc_auc": 0.8386551842270027
    },
    "RandomForest": {
        "accuracy": 0.8193548387096774,
        "precision": 0.7286432160804021,
        "recall": 0.7142857142857143,
        "f1": 0.7213930348258707,
        "roc_auc": 0.8451347296546998
    },
    "XGBoost": {
        "accuracy": 0.8112903225806452,
        "precision": 0.7239583333333334,
        "recall": 0.6847290640394089,
        "f1": 0.7037974683544304,
        "roc_auc": 0.825902824538399
    },
    "NeuralNetwork": {
        "accuracy": 0.8225806451612904,
        "precision": 0.7384615384615385,
        "recall": 0.7093596059113301,
        "f1": 0.7236180904522613,
        "roc_auc": 0.8347450118722756
    }
}