{
    "logistic": {
        "cv_mean": 0.8062247611543387,
        "accuracy": 0.8300561797752809,
        "precision": 0.7857142857142857,
        "recall": 0.7655677655677655,
        "f1_score": 0.7755102040816326,
        "roc_auc": 0.8178636094353635,
        "confusion_matrix": [
            [
                382,
                57
            ],
            [
                64,
                209
            ]
        ]
    },
    "random_forest": {
        "cv_mean": 0.8161331626120358,
        "accuracy": 0.9901685393258427,
        "precision": 0.9889705882352942,
        "recall": 0.9853479853479854,
        "f1_score": 0.9871559633027523,
        "roc_auc": 0.9892571361819654,
        "confusion_matrix": [
            [
                436,
                3
            ],
            [
                4,
                269
            ]
        ]
    },
    "neural_network": {
        "cv_mean": 0.7978134541514823,
        "accuracy": 0.9269662921348315,
        "precision": 0.9367588932806324,
        "recall": 0.8681318681318682,
        "f1_score": 0.9011406844106464,
        "roc_auc": 0.9158426994417883,
        "confusion_matrix": [
            [
                423,
                16
            ],
            [
                36,
                237
            ]
        ]
    }
}